[
    { "id": 1, "nombre": "The Dark Side of the Moon", "artista": "Pink Floyd", "precio": 45.00, "categoria": "Rock", "stock": 5 },
    { "id": 2, "nombre": "Kind of Blue", "artista": "Miles Davis", "precio": 38.50, "categoria": "Jazz", "stock": 3 },
    { "id": 3, "nombre": "Random Access Memories", "artista": "Daft Punk", "precio": 52.00, "categoria": "Electronic", "stock": 8 },
    { "id": 4, "nombre": "Rumours", "artista": "Fleetwood Mac", "precio": 32.99, "categoria": "Rock", "stock": 10 },
    { "id": 5, "nombre": "Thriller", "artista": "Michael Jackson", "precio": 29.50, "categoria": "Pop", "stock": 4 },
    { "id": 6, "nombre": "Blue Train", "artista": "John Coltrane", "precio": 41.00, "categoria": "Jazz", "stock": 2 },
    { "id": 7, "nombre": "Discovery", "artista": "Daft Punk", "precio": 48.00, "categoria": "Electronic", "stock": 0 },
    { "id": 8, "nombre": "Back to Black", "artista": "Amy Winehouse", "precio": 27.00, "categoria": "Pop", "stock": 15 },
    { "id": 9, "nombre": "Led Zeppelin IV", "artista": "Led Zeppelin", "precio": 39.99, "categoria": "Rock", "stock": 6 },
    { "id": 10, "nombre": "Abbey Road", "artista": "The Beatles", "precio": 42.50, "categoria": "Rock", "stock": 12 },
    { "id": 11, "nombre": "Hotel California", "artista": "Eagles", "precio": 35.00, "categoria": "Rock", "stock": 7 },
    { "id": 12, "nombre": "A Night at the Opera", "artista": "Queen", "precio": 44.00, "categoria": "Rock", "stock": 4 },
    { "id": 13, "nombre": "Nevermind", "artista": "Nirvana", "precio": 36.50, "categoria": "Rock", "stock": 9 },
    { "id": 14, "nombre": "Future Nostalgia", "artista": "Dua Lipa", "precio": 31.00, "categoria": "Pop", "stock": 11 },
    { "id": 15, "nombre": "After Hours", "artista": "The Weeknd", "precio": 34.50, "categoria": "Pop", "stock": 6 },
    { "id": 16, "nombre": "Midnights", "artista": "Taylor Swift", "precio": 38.00, "categoria": "Pop", "stock": 20 },
    { "id": 17, "nombre": "Harry's House", "artista": "Harry Styles", "precio": 33.00, "categoria": "Pop", "stock": 14 },
    { "id": 18, "nombre": "Fine Line", "artista": "Harry Styles", "precio": 32.00, "categoria": "Pop", "stock": 8 },
    { "id": 19, "nombre": "Time Out", "artista": "The Dave Brubeck Quartet", "precio": 37.00, "categoria": "Jazz", "stock": 5 },
    { "id": 20, "nombre": "A Love Supreme", "artista": "John Coltrane", "precio": 43.00, "categoria": "Jazz", "stock": 3 },
    { "id": 21, "nombre": "Mingus Ah Um", "artista": "Charles Mingus", "precio": 39.00, "categoria": "Jazz", "stock": 4 },
    { "id": 22, "nombre": "Getz/Gilberto", "artista": "Stan Getz & João Gilberto", "precio": 36.00, "categoria": "Jazz", "stock": 6 },
    { "id": 23, "nombre": "Chet Baker Sings", "artista": "Chet Baker", "precio": 40.00, "categoria": "Jazz", "stock": 2 },
    { "id": 24, "nombre": "Homework", "artista": "Daft Punk", "precio": 45.00, "categoria": "Electronic", "stock": 7 },
    { "id": 25, "nombre": "Selected Ambient Works 85-92", "artista": "Aphex Twin", "precio": 41.50, "categoria": "Electronic", "stock": 5 },
    { "id": 26, "nombre": "Music Has the Right to Children", "artista": "Boards of Canada", "precio": 46.00, "categoria": "Electronic", "stock": 3 },
    { "id": 27, "nombre": "Untrue", "artista": "Burial", "precio": 34.00, "categoria": "Electronic", "stock": 4 },
    { "id": 28, "nombre": "Moon Safari", "artista": "Air", "precio": 35.50, "categoria": "Electronic", "stock": 9 },
    { "id": 29, "nombre": "Ziggy Stardust", "artista": "David Bowie", "precio": 38.99, "categoria": "Rock", "stock": 6 },
    { "id": 30, "nombre": "London Calling", "artista": "The Clash", "precio": 40.00, "categoria": "Rock", "stock": 5 },
    { "id": 31, "nombre": "What's Going On", "artista": "Marvin Gaye", "precio": 31.50, "categoria": "Pop", "stock": 10 },
    { "id": 32, "nombre": "Bitches Brew", "artista": "Miles Davis", "precio": 48.00, "categoria": "Jazz", "stock": 2 },
    { "id": 33, "nombre": "Fat of the Land", "artista": "The Prodigy", "precio": 37.50, "categoria": "Electronic", "stock": 6 },
    { "id": 34, "nombre": "Cross", "artista": "Justice", "precio": 42.00, "categoria": "Electronic", "stock": 4 },
    { "id": 35, "nombre": "Appetite for Destruction", "artista": "Guns N' Roses", "precio": 39.90, "categoria": "Rock", "stock": 0 },
    { "id": 36, "nombre": "1989 (Taylor's Version)", "artista": "Taylor Swift", "precio": 44.00, "categoria": "Pop", "stock": 25 },
    { "id": 37, "nombre": "Head Hunters", "artista": "Herbie Hancock", "precio": 40.50, "categoria": "Jazz", "stock": 5 },
    { "id": 38, "nombre": "Mezzanine", "artista": "Massive Attack", "precio": 49.00, "categoria": "Electronic", "stock": 7 },
    { "id": 39, "nombre": "Parallel Lines", "artista": "Blondie", "precio": 28.50, "categoria": "Pop", "stock": 10 },
    { "id": 40, "nombre": "Born to Run", "artista": "Bruce Springsteen", "precio": 34.00, "categoria": "Rock", "stock": 8 }
]