[
    { "id": 1, "nombre": "Móvil Samsung S23", "precio": 850, "categoria": "Moviles", "stock": 5 },
    { "id": 2, "nombre": "Laptop HP Pavilion", "precio": 720, "categoria": "Laptops", "stock": 3 },
    { "id": 3, "nombre": "Auriculares Sony", "precio": 150, "categoria": "Accesorios", "stock": 10 },
    { "id": 4, "nombre": "MacBook Pro", "precio": 2400, "categoria": "Laptops", "stock": 2 },
    { "id": 5, "nombre": "iPhone 15", "precio": 990, "categoria": "Moviles", "stock": 8 },
    { "id": 6, "nombre": "Ratón Gaming", "precio": 45, "categoria": "Accesorios", "stock": 15 }
]